"cite.key","Title","Authors","year"
"puigInfluenceHumanActivities","Influence of human activities, social and environmental variables on the behavior of guanacos in Southern Andean Precordillera (Argentina)","S Puig, F Videla, MI Rosi",NA
"zugmeyerAvianRiskAssessment","Avian risk assessment Effects of perching height and detectability","C. Zugmeyer",NA
"hunterLandUsesBotswana1996","Land uses on the Botswana/Zimbabwe border and their effects on buffalo","C.G. Hunter","1996"
"gotmarkPreySelectionSparrowhawks1996","Prey selection by sparrowhawks, Accipiter nisus Relative predation risk for breeding passerine birds in relation to their size, ecology and behaviour","F Gotmark, P Post","1996"
"gillMethodQuantifyEffects1996","A method to quantify the effects of human disturbance on animal populations","JA Gill, WJ Sutherland, AR Watkinson","1996"
"bowersForagingGraySquirrels1996","Foraging of gray squirrels on an urban-rural gradient Use of the GUD to assess anthropogenic impact","MA Bowers, B Breland","1996"
"rosellResponsesForagingEurasian2000","Responses of foraging Eurasian beavers Castor fiber to predator odours","F Rosell, A Czech","2000"
"fernandez-juricicEffectsHumanDisturbance2000","Effects of human disturbance on spatial and temporal feeding patterns of Blackbird Turdus merula in urban parks in Madrid, Spain","E Fernandez-Juricic, JL Telleria","2000"
"cooperTradeoffsPredationRisk2000","Tradeoffs between predation risk and feeding in a lizard, the broad-headed skink (Eumeces laticeps)","WE Cooper","2000"
"hendersonBehaviourDomesticDucks2001","Behaviour of domestic ducks exposed to mobile predator stimuli. 1. Flock responses","J.V. Henderson, C.J. Nicol, J.A. Lines, R.P. White, C.M. Wathes","2001"
"stillmanSeasonalChangesResponse2002","Seasonal changes in the response of oystercatchers Haematopus ostralegus to human disturbance","RA Stillman, JD Goss-Custard","2002"
"fridHumancausedDisturbanceStimuli2002","Human-caused disturbance stimuli as a form of predation risk","A Frid, L Dill","2002"
"manorImpactHumanNuisance2003","Impact of human nuisance disturbance on vigilance and group size of a social ungulate","R Manor, D Saltz","2003"
"fernandez-juricicVariationsScanningBehavior2003","Do variations in scanning behavior affect tolerance to human disturbance?","E Fernandez-Juricic, N Schroeder","2003"
"fernandez-juricicTestingRiskdisturbanceHypothesis2003","Testing the risk-disturbance hypothesis in a fragmented landscape Nonlinear responses of House Sparrows to humans","E Fernandez-Juricic, A Sallent, R Sanz, I Rodriguez-Prieto","2003"
"blumsteinFlightinitiationDistanceBirds2003","Flight-initiation distance in birds is dependent on intruder starting distance","DT Blumstein","2003"
"yasueEffectsHumanPresence2005","The effects of human presence, flock size and prey density on shorebird foraging rates","M Yasue","2005"
"webbVariationHumanDisturbance2005","Variation in human disturbance differentially affects predation risk assessment in Western Gulls","NV Webb, DT Blumstein","2005"
"stenhouseExperimentalStudyExamining2005","An experimental study examining the anti-predator behaviour of Sabine's gulls (Xema sabini) during breeding","IJ Stenhouse, HG Gilchrist, WA Montevecchi","2005"
"rodriguez-prietoEffectsDirectHuman2005","Effects of direct human disturbance on the endemic Iberian frog Rana iberica at individual and population levels","I Rodriguez-Prieto, E Fernandez-Juricic","2005"
"petersUsingRiskdisturbanceHypothesis2005","Using the risk-disturbance hypothesis to assess the relative effects of human disturbance and predation risk on foraging American oystercatchers","KA Peters, DL Otis","2005"
"nevinPerceivedRiskDisplacement2005","Perceived risk, displacement and refuging in brown bears positive impacts of ecotourism?","OT Nevin, BK Gilbert","2005"
"nevinMeasuringCostRisk2005","Measuring the cost of risk avoidance in brown bears Further evidence of positive impacts of ecotourism","OT Nevin, BK Gilbert","2005"
"matsonFactorsAffectingVigilance2005","Factors affecting the vigilance and flight behaviour of impalas","TK Matson, AW Goldizen, DA Putland","2005"
"loehrGenderAgeclassspecificReactions2005","Gender- and age-class-specific reactions to human disturbance in a sexually dimorphic ungulate","J Loehr, M Kovanen, J Carey, H Hogmander, C Jurasz, S Karkkainen, J Suhonen, H Ylonen","2005"
"blumsteinInterspecificVariationAvian2005","Inter-specific variation in avian responses to human disturbance","DT Blumstein, E Fernandez-Juricic, PA Zollner, SC Garity","2005"
"yasuePotentialImpactTourism2006","The potential impact of tourism development on habitat availability and productivity of Malaysian plovers Charadrius peronii","M Yasue, P Dearden","2006"
"yasueEnvironmentalFactorsSpatial2006","Environmental factors and spatial scale influence shorebirds' responses to human disturbance","M Yasue","2006"
"stankowichEffectsPredatorBehavior2006","Effects of predator behavior and proximity on risk assessment by Columbian black-tailed deer","T Stankowich, RG Coss","2006"
"rodeBehavioralResponsesBrown2006","Behavioral responses of brown bears mediate nutritional effects of experimentally introduced tourism","KD Rode, SD Farley, CT Robbins","2006"
"gavinPronghornAntilocapraAmericana2006","Do pronghorn (Antilocapra americana) perceive roads as a predation risk?","SD Gavin, PE Komers","2006"
"blumsteinDevelopingEvolutionaryEcology2006","Developing an evolutionary ecology of fear how life history and natural history traits affect disturbance tolerance in birds","DT Blumstein","2006"
"stankowichEffectsRiskAssessment2007","Effects of risk assessment, predator behavior, and habitat on escape behavior in Columbian black-tailed deer","T Stankowich, RG Coss","2007"
"setsaasHowDoesHuman2007","How does human exploitation affect impala populations in protected and partially protected areas? - A case study from the Serengeti Ecosystem, Tanzania","TH Setsaas, T Holmern, G Mwakalebe, S Stokke, E Roskaft","2007"
"neweyForagingBehaviourCommon2007","Foraging behaviour of the Common Myna (Acridotheres tristis) in relation to vigilance and group size","P Newey","2007"
"liEvidenceEffectsHuman2007","Evidence of effects of human disturbance on alert response in pere david's deer (Elaphurus davidianus)","C Li, Z Jiang, S Tang, Y Zeng","2007"
"karlssonWhatDistanceWolves2007","At what distance do wolves move away from an approaching human?","J Karlsson, M Eriksson, I Liberg","2007"
"jiangEffectsHumanDisturbance2007","Effects of human disturbance on movement, foraging and bed selection in red deer Cervus elaphus xanthopygus from the Wandashan Mountains, northeastern China","GS Jiang, MH Zhang, JZ Ma","2007"
"croesInfluenceHuntingAntipredator2007","The influence of hunting on antipredator behavior in Central African monkeys and duikers","B.M. Croes, W.F. Laurance, S.A. Lahm, L. Tchignoumba, A. Alonso, M.E. Lee, P. Campbell, R. Buij","2007"
"cooperEscapeItsRelationship2007","Escape and its relationship to pursuit-deterrent signalling in the cuban curly-tailed lizard Leiocephalus carinatus","WE Cooper","2007"
"bergerFearHumanShields2007","Fear, human shields and the redistribution of prey and predators in protected areas","J Berger","2007"
"yasueApproachAssessPotential2008","An approach to assess the potential impacts of human disturbance on wintering tropical shorebirds","M Yasue, P Dearden, A Moore","2008"
"tsurimFORAGINGBEHAVIORURBAN2008","FORAGING BEHAVIOR OF URBAN BIRDS ARE HUMAN COMMENSALS LESS SENSITIVE TO PREDATION RISK THAN THEIR NONURBAN COUNTERPARTS?","I Tsurim, Z Abramsky, BP Kotler","2008"
"stankowichUngulateFlightResponses2008","Ungulate flight responses to human disturbance A review and meta-analysis","T Stankowich","2008"
"rodriguez-prietoRunFlyLow2008","To run or to fly low cost versus low risk escape strategies in blackbirds","I Rodriguez-Prieto, E Fernandez-Juricic, J Martin","2008"
"rippleTrophicCascadesInvolving2008","Trophic cascades involving cougar, mule deer, and black oaks in Yosemite National Park","WJ Ripple, RL Beschta","2008"
"priceImpactHumanDisturbance2008","The impact of human disturbance on birds A selective review","M. Price","2008"
"laursenHuntingMotorboatsDisplaces2008","Hunting from motorboats displaces Wadden Sea eiders Somateria mollissima from their favoured feeding distribution","K Laursen, J Frikke","2008"
"jayakodyRedDeerCervus2008","Red deer Cervus elephus vigilance behaviour differs with habitat and type of human disturbance","S Jayakody, AM Sibbald, IJ Gordon, X Lambin","2008"
"hebblewhiteModellingWildlifehumanRelationships2008","Modelling wildlife-human relationships for social species with mixed-effects resource selection models","M Hebblewhite, E Merrill","2008"
"garnerHumanDisturbanceInfluences2008","Human disturbance influences behaviour and local density of juvenile frogs","TWJ Garner, D Nishimura, J Antwi, N Oliver","2008"
"carterSubtleCuesPredation2008","Subtle cues of predation risk starlings respond to a predator's direction of eye-gaze","J Carter, NJ Lyons, HL Cole, AR Goldsmith","2008"
"benhaiemHuntingIncreasesVigilance2008","Hunting increases vigilance levels in roe deer and modifies feeding site selection","S. Benhaiem, M. Delon, B. Lourtet, B. Cargnelutti, S. Aulagnier, A.J.M. Hewison, N. Morellet, H. Verheyden","2008"
"wolfSIGNSTOPHABITAT2009","SIGNS AT THE TOP HABITAT FEATURES INFLUENCING SNOW LEOPARD UNCIA UNCIA ACTIVITY IN SAGARMATHA NATIONAL PARK, NEPAL","M Wolf, S Ale","2009"
"tolonRespondingSpatialTemporal2009","Responding to spatial and temporal variations in predation risk space use of a game species in a changing landscape of fear","V Tolon, S Dray, A Loison, A Zeileis, C Fischer, E Baubet","2009"
"theuerkaufWhatDrivesWolves2009","What Drives Wolves Fear or Hunger? Humans, Diet, Climate and Wolf Activity Patterns","J Theuerkauf","2009"
"scheibeBehaviorWildAnimals2009","Behavior of wild animals against humans in reservations, sanctuaries, and hunted areas - review and theoretical approach","K.S. Scheibe","2009"
"rodriguez-prietoAntipredatorBehaviorBlackbirds2009","Antipredator behavior in blackbirds habituation complements risk allocation","I Rodriguez-Prieto, E Fernandez-Juricic, J Martin, Y Regis","2009"
"proffittContrastingEffectsWolves2009","Contrasting Effects of Wolves and Human Hunters on Elk Behavioral Responses to Predation Risk","KM Proffitt, JL Grigg, KL Hamlin, RA Garrott","2009"
"neumannNonimpactHuntingMoose2009","The non-impact of hunting on moose Alces alces movement, diurnal activity, and activity range","W Neumann, G Ericsson, H Dettki","2009"
"lagosFlightInitiationDistance2009","Flight initiation distance is differentially sensitive to the costs of staying and leaving food patches in a small-mammal prey","P.A. Lagos, A. Meier, L.O. Tolhuysen, R.A. Castro, F. Bozinovic, L.A. Ebensperger","2009"
"fridConservationAntiPredatorBehavior2009","Conservation and Anti-Predator Behavior","A. Frid, M.R. Heithaus","2009"
"fernandez-juricicCaliforniaEndangeredBelding2009","California's Endangered Belding's Savannah Sparrow (Passerculus sandwichensis beldingi) Tolerance of Pedestrian Disturbance","E Fernandez-Juricic, EF Zahn, T Parker, T Stankowich","2009"
"bellefleurImpactRecreationalBoat2009","The impact of recreational boat traffic on Marbled Murrelets (Brachyramphus mamoratus)","D Bellefleur, P Lee, RA Ronconi","2009"
"wolfMinimizingDisturbanceWildlife2010","Minimizing disturbance to wildlife by tourists approaching on foot or in a car A study of kangaroos in the Australian rangelands","ID Wolf, DB Croft","2010"
"stclairPresenceMammalianPredators2010","Presence of mammalian predators decreases tolerance to human disturbance in a breeding shorebird","JJH St Clair, GE Garcia-Pena, RW Woods, T Szekely","2010"
"sirotShouldRiskAllocation2010","Should risk allocation strategies facilitate or hinder habituation to nonlethal disturbance in wildlife?","E Sirot","2010"
"pangleLethalNonlethalAnthropogenic2010","Lethal and nonlethal anthropogenic effects on spotted hyenas in the Masai Mara National Reserve","WM Pangle, KE Holekamp","2010"
"madinFishingIndirectlyStructures2010","Fishing Indirectly Structures Macroalgal Assemblages by Altering Herbivore Behavior","Elizabeth M. P. Madin, Steven D. Gaines, Joshua S. Madin, Robert R. Warner","2010"
"madinFieldEvidencePervasive2010","Field evidence for pervasive indirect effects of fishing on prey foraging behavior","Elizabeth M. P. Madin, Steven D. Gaines, Robert R. Warner","2010"
"lemaitreDeerMiceMediate2010","Deer mice mediate red-backed vole behaviour and abundance along a gradient of habitat alteration","J Lemaitre, D Fortin, DW Morris, M Darveau","2010"
"jansenReactionHarborSeals2010","Reaction of harbor seals to cruise ships","J.K. Jansen, P.L. Boveng, S.P. Dahle, J.L. Bengtson","2010"
"dowdingNocturnalRangingBehaviour2010","Nocturnal ranging behaviour of urban hedgehogs, Erinaceus europaeus, in relation to risk and reward","CV Dowding, S Harris, S Poulton, PJ Baker","2010"
"cooperPredationRiskEscape2010","Predation risk, escape and refuge use by mountain spiny lizards (Sceloporus jarrovii)","WE Cooper, A Avalos","2010"
"chanAnthropogenicNoiseAffects2010","Anthropogenic noise affects risk assessment and attention the distracted prey hypothesis","AAYH Chan, P Giraldo-Perez, S Smith, DT Blumstein","2010"
"brosethDisturbanceEffectsHunting2010","Disturbance effects of hunting activity in a willow ptarmigan Lagopus lagopus population","H Broseth, HC Pedersen","2010"
"severcanEffectsFlockSize2011","The effects of flock size and human presence on vigilance and feeding behavior in the Eurasian Coot (Fulica atra L.) during breeding season","C Severcan, E Yamac","2011"
"rogalaHumanActivityDifferentially2011","Human Activity Differentially Redistributes Large Mammals in the Canadian Rockies National Parks","JK Rogala, M Hebblewhite, J Whittington, CA White, J Coleshill, M Musiani","2011"
"reimersVigilanceFrightBehaviour2011","Vigilance and fright behaviour in the insular Svalbard reindeer Rangifer tarandus platyrhynchus)","E Reimers, S Lund, T Ergon","2011"
"panEldDeerTranslocated2011","Eld's Deer Translocated to Human-Inhabited Areas Become Nocturnal","D Pan, LW Teng, FJ Cui, ZG Zeng, BD Bravery, QO Zhang, YL Song","2011"
"muhlyHumanActivityHelps2011","Human activity helps prey win the predator-prey space race","T.B. Muhly, C. Semeniuk, A. Massolo, L. Hickman, M. Musiani","2011"
"maloMeasuringUngulateTolerance2011","Measuring ungulate tolerance to human with flight distance a reliable visitor management tool?","JE Malo, P Acebes, J Traba","2011"
"lianRoadProximityTraffic2011","Road proximity and traffic flow perceived as potential predation risks evidence from the Tibetan antelope in the Kekexili National Nature Reserve, China","XM Lian, TZ Zhang, YC Cao, JP Su, S Thirgood","2011"
"liQuantifyingHumanDisturbance2011","Quantifying human disturbance on antipredator behavior and flush initiation distance in yellow-bellied marmots","CW Li, R Monclus, TL Maul, ZG Jiang, DT Blumstein","2011"
"jayakodyEffectsHumanDisturbance2011","Effects of human disturbance on the diet composition of wild red deer (Cervus elaphus)","S Jayakody, AM Sibbald, RW Mayes, RJ Hooper, IJ Gordon, X Lambin","2011"
"januchowski-hartleyFearFishersHuman2011a","Fear of Fishers Human Predation Explains Behavioral Changes in Coral Reef Fishes","Fraser A. Januchowski-Hartley, Nicholas A. J. Graham, David A. Feary, Tau Morove, Joshua E. Cinner","2011"
"grignolioEffectsHuntingHounds2011","Effects of hunting with hounds on a non-target species living on the edge of a protected area","S. Grignolio, E. Merli, P. Bongi, S. Ciuti, M. Apollonio","2011"
"engelhardtEffectsLevelsHuman2011","Effects of levels of human exposure on flight initiation distance and distance to refuge in foraging eastern gray squirrels (Sciurus carolinensis)","SC Engelhardt, RB Weladji","2011"
"campbellPasserineReactionsHuman2011","Passerine reactions to human behaviour and vegetation structure in Peterborough, Canada","MO Campbell","2011"
"batemanWhoAreYou2011","Who are you looking at? Hadeda ibises use direction of gaze, head orientation and approach speed in their risk assessment of a potential predator","PW Bateman, PA Fleming","2011"
"wamOverlookingConcealedPredator2012","From overlooking to concealed predator avoidance in an apex carnivore","HK Wam, K Eldegard, O Hjeljord","2012"
"taraborelliCooperativeVigilanceGuanaco2012","Cooperative vigilance The guanaco's (Lama guanicoe) key antipredator mechanism","P Taraborelli, P Gregorio, P Moreno, A Novaro, P Carmanchahi","2012"
"tadesseImpactTourismNubian2012","Impact of tourism on Nubian Ibex (Capra nubiana) revealed through assessment of behavioral indicators","SA Tadesse, BP Kotler","2012"
"rasmussenMaskingZeitgeberAfrican2012","Masking of the zeitgeber African wild dogs mitigate persecution by balancing time","G.S.A. Rasmussen, D.W. MacDonald","2012"
"ordizBearsKnowThey2012","Do bears know they are being hunted?","Andrés Ordiz, Ole-Gunnar Støen, Solve Sæbø, Jonas Kindberg, Miguel Delibes, Jon E. Swenson","2012"
"mollerUrbanAreasRefuges2012","Urban areas as refuges from predators and flight distance of prey","AP Moller","2012"
"moenBehaviourSolitaryAdult2012","Behaviour of Solitary Adult Scandinavian Brown Bears (Ursus arctos) when Approached by Humans on Foot","GK Moen, OG Stoen, V Sahlen, JE Swenson","2012"
"keyelNOEVIDENCEINDIVIDUAL2012","NO EVIDENCE FOR INDIVIDUAL ASSORTMENT BY TEMPERAMENT RELATIVE TO PATCH AREA OR PATCH OPENNESS IN THE BOBOLINK","AC Keyel, DT Peck, JM Reed","2012"
"gyimesiHumanDisturbanceBewick2012","Human disturbance of Bewick's Swans is reflected in giving-up net energy intake rate, but not in giving-up food density","A Gyimesi, MS Franken, N Feige, BA Nolet","2012"
"griggForagingDistributionPacific2012","Foraging distribution of Pacific harbor seals (Phoca vitulina richardii) in a highly impacted estuary","EK Grigg, SG Allen, DE Craven-Green, AP Klimley, H Markowitz, DL Elliott-Fisk","2012"
"eldegardCopingHumandominatedLandscape2012","Coping in a human-dominated landscape trade-off between foraging and keeping away from roads by moose (Alces alces)","K Eldegard, JT Lyngved, O Hjeljord","2012"
"dumontFlightInitiationDistance2012","Flight Initiation Distance and Starting Distance Biological Effect or Mathematical Artefact?","F Dumont, C Pasquaretta, D Reale, G Bogliani, A von Hardenberg","2012"
"crosmaryVulnerabilityPredationWater2012","Vulnerability to predation and water constraints limit behavioural adjustments of ungulates in response to hunting risk","WG Crosmary, P Makumbe, SD Cote, H Fritz","2012"
"crosmaryAfricanUngulatesTheir2012","African ungulates and their drinking problems Hunting and predation risks constrain access to water","WG Crosmary, M Valeix, H Fritz, H Madzikanda, SD Cote","2012"
"clevelandLinkingElkMovement2012","Linking Elk Movement and Resource Selection to Hunting Pressure in a Heterogeneous Landscape","SM Cleveland, M Hebblewhite, M Thompson, R Henderson","2012"
"ciutiHumanSelectionElk2012","Human selection of elk behavioural traits in a landscape of fear","S Ciuti, TB Muhly, DG Paton, AD McDevitt, M Musiani, MS Boyce","2012"
"ciutiEffectsHumansBehaviour2012","Effects of Humans on Behaviour of Wildlife Exceed Those of Natural Predators in a Landscape of Fear","S Ciuti, JM Northrup, TB Muhly, S Simi, M Musiani, JA Pitt, MS Boyce","2012"
"brownEffectHumanActivities2012","The Effect of Human Activities and Their Associated Noise on Ungulate Behavior","CL Brown, AR Hardy, JR Barber, KM Fristrup, KR Crooks, LM Angeloni","2012"
"barriEffectsGroupSize2012","Effects of group size, habitat and hunting risk on vigilance and foraging behaviour in the Lesser Rhea (Rhea pennata pennata)","FR Barri, N Roldan, JL Navarro, MB Martella","2012"
"zhengDeterminantsVigilanceReintroduced2013","Determinants of vigilance in a reintroduced population of Pere David's deer","W Zheng, G Beauchamp, XL Jiang, ZQ Li, QL Yang","2013"
"waleNoiseNegativelyAffects2013","Noise negatively affects foraging and antipredator behaviour in shore crabs","MA Wale, SD Simpson, AN Radford","2013"
"thurfjellEffectsHuntingWild2013","Effects of hunting on wild boar Sus scrofa behaviour","H. Thurfjell, G. Spong, G. Ericsson","2013"
"storchHumanDisturbanceGrouse2013","Human disturbance of grouse - why and when?","I Storch","2013"
"podgorskiSpatiotemporalBehavioralPlasticity2013","Spatiotemporal behavioral plasticity of wild boar (Sus scrofa) under contrasting conditions of human pressure primeval forest and metropolitan area","T Podgorski, G Bas, B Jedrzejewska, L Sonnichsen, S Sniezko, W Jedrzejewski, H Okarma","2013"
"sonnichsenBehaviouralResponsesEuropean2013","Behavioural Responses of European Roe Deer to Temporal Variation in Predation Risk","L Sonnichsen, M Bokje, J Marchal, H Hofer, B Jedrzejewska, S Kramer-Schadt, S Ortmann","2013"
"perez-cembranosPredationRiskOpportunity2013","Predation Risk and Opportunity Cost of Fleeing While Foraging on Plants Influence Escape Decisions of an Insular Lizard","A Perez-Cembranos, V Perez-Mellado, WE Cooper","2013"
"ordizSavingLargeCarnivores2013","Saving large carnivores, but losing the apex predator?","A Ordiz, R Bischof, JE Swenson","2013"
"ordizLastingBehaviouralResponses2013","Lasting behavioural responses of brown bears to experimental encounters with humans","A Ordiz, OG Stoen, S Saebo, V Sahlen, BE Pedersen, J Kindberg, JE Swenson","2013"
"ohashiDifferencesActivityPattern2013","Differences in the activity pattern of the wild boar Sus scrofa related to human disturbance","H Ohashi, M Saito, R Horie, H Tsunoda, H Noba, H Ishii, T Kuwabara, Y Hiroshige, S Koike, Y Hoshino, H Toda, K Kaji","2013"
"mollerChangeFlightInitiation2013","Change in flight initiation distance between urban and rural habitats following a cold winter","AP Moller, T Grim, JD Ibanez-Alamo, G Marko, P Tryjanowski","2013"
"merkleFoodAvailabilityForaging2013","Food availability and foraging near human developments by black bears","JA Merkle, HS Robinson, PR Krausman, P Alaback","2013"
"melisRoeDeerFace2013","Roe deer face competing risks between predators along a gradient in abundance","C Melis, EB Nilsen, M Panzacchi, JDC Linnell, J Odden","2013"
"leeDirectLookPredator2013","Direct Look from a Predator Shortens the Risk-Assessment Time by Prey","S.-I. Lee, S. Hwang, Y.-E. Joe, H.-K. Cha, G.-H. Joo, H.-J. Lee, J.-W. Kim, P.G. Jablonski","2013"
"jiangBehavioralResponsesBlue2013","Behavioral responses of blue sheep (Pseudois nayaur) to nonlethal human recreational disturbance","TY Jiang, XM Wang, YZ Ding, ZS Liu, ZH Wang","2013"
"ferrandResponsesEurasianWoodcock2013","Responses of Eurasian woodcock Scolopax rusticola to simulated hunting disturbance","Y Ferrand, P Aubry, P Landry, P Priol","2013"
"cristescuPerceptionHumanDerivedRisk2013","Perception of Human-Derived Risk Influences Choice at Top of the Food Chain","B Cristescu, GB Stenhouse, MS Boyce","2013"
"colemanGrizzlyBearHuman2013","Grizzly bear and human interaction in Yellowstone National Park An evaluation of bear management areas","TH Coleman, CC Schwartz, KA Gunther, S Creel","2013"
"bumpBearBaitingMayExacerbate2013","Bear-Baiting May Exacerbate Wolf-Hunting Dog Conflict","J.K. Bump, C.M. Murawski, L.M. Kartano, D.E. Beyer Jr., B.J. Roell","2013"
"bonnotHabitatUsePredation2013","Habitat use under predation risk Hunting, roads and human dwellings influence the spatial behaviour of roe deer","N Bonnot, N Morellet, H Verheyden, B Cargnelutti, B Lourtet, F Klein, AJM Hewison","2013"
"tarakiniFlightBehaviouralResponses2014","Flight behavioural responses to sport hunting by two African herbivores","T. Tarakini, W.-G. Crosmary, H. Fritz, P. Mundy","2014"
"taraborelliDifferentFactorsThat2014","Different factors that modify anti-predator behaviour in guanacos (Lama guanicoe)","P Taraborelli, R Ovejero, MEM Torres, NM Schroeder, P Moreno, P Gregorio, E Marcotti, A Marozzi, P Carmanchahi","2014"
"symonsSexDifferencesRisk2014","Sex differences in risk perception in deep-diving bottlenose dolphins leads to decreased foraging efficiency when exposed to human disturbance","J Symons, E Pirotta, D Lusseau","2014"
"shannonRoadTrafficNoise2014","Road traffic noise modifies behaviour of a keystone species","G Shannon, LM Angeloni, G Wittemyer, KM Fristrup, KR Crooks","2014"
"shannonBehavioralResponsesAssociated2014","Behavioral Responses Associated with a Human-Mediated Predator Shelter","G Shannon, LS Cordes, AR Hardy, LM Angeloni, KR Crooks","2014"
"priceHumanActivityAffects2014","Human activity affects the perception of risk by mule deer","MV Price, EH Strombom, DT Blumstein","2014"
"ndaimaniPredictingSpatialDistribution2014","Predicting the spatial distribution of hunted and non-hunted Sable antelope (Hippotragus niger niger) using remotely sensed woody cover in a Southern African savanna","H Ndaimani, A Murwira, S Kativu","2014"
"mikulaPedestrianDensityInfluences2014","Pedestrian density influences flight distances of urban birds","P Mikula","2014"
"mcgowanEffectHumanPresence2014","The Effect of Human Presence and Human Activity on Risk Assessment and Flight Initiation Distance in Skinks","MM McGowan, PD Patel, JD Stroh, DT Blumstein","2014"
"marchandImpactsTourismHunting2014","Impacts of tourism and hunting on a large herbivore's spatio-temporal behavior in and around a French protected area","P Marchand, M Garel, G Bourgoin, D Dubray, D Maillard, A Loison","2014"
"loneLivingDyingMultipredator2014","Living and dying in a multi-predator landscape of fear Roe deer are squeezed by contrasting pattern of predation risk imposed by lynx and humans","K Lone, LE Loe, T Gobakken, JDC Linnell, J Odden, J Remmen, A Mysterud","2014"
"littleDoesHumanPredation2014","Does Human Predation Risk Affect Harvest Susceptibility of White-Tailed Deer During Hunting Season?","AR Little, S Demarais, KL Gee, SL Webb, SK Riffell, JA Gaskamp, JL Belant","2014"
"lesaoutShorttermEffectsHunting2014","Short-term effects of hunting on naive black-tailed deer (Odocoileus hemionus sitkensis) behavioural response and consequences on vegetation growth","S Le Saout, S Padie, S Chamaille-Jammes, S Chollet, S Cote, N Morellet, J Pattison, E Harris, JL Martin","2014"
"kiffnerInterspecificVariationLarge2014","Interspecific variation in large mammal responses to human observers along a conservation gradient with variable hunting pressure","C Kiffner, J Kioko, B Kissui, C Painter, M Serota, C White, P Yager","2014"
"djagounHuntingAffectsDry2014","Hunting affects dry season habitat selection by several bovid species in northern Benin","CAMS Djagoun, B Kassa, BA Djossa, T Coulson, GA Mensah, B Sinsin","2014"
"cristescuGrizzlyBearUngulate2014","Grizzly bear ungulate consumption and the relevance of prey size to caching and meat sharing","B Cristescu, GB Stenhouse, MS Boyce","2014"
"batemanSwitchingPlanChanges2014","Switching to Plan B changes in the escape tactics of two grasshopper species (Acrididae Orthoptera) in response to repeated predatory approaches","PW Bateman, PA Fleming","2014"
"batemanDoesHumanPedestrian2014","Does human pedestrian behaviour influence risk assessment in a successful mammal urban adapter?","PW Bateman, PA Fleming","2014"
"avrilExplorationForaysJuvenile2014","Exploration forays in juvenile European hares (Lepus europaeus) Dispersal preludes or hunting-induced troubles?","A. Avril, J. Letty, Y. Léonard, D. Pontier","2014"
"atickemIndividualHeterogeneityUse2014","Individual Heterogeneity in Use of Human Shields by Mountain Nyala","A Atickem, LE Loe, NC Stenseth","2014"
"wronskiInteractionsWildlifeHumans2015","Interactions between wildlife, humans and cattle activity patterns of a remnant population of impala on the degraded Mutara Rangelands, Rwanda","T Wronski, JD Bariyanga, A Apio, M Plath","2015"
"stillfriedWhenTopPredators2015","When top predators become prey Black bears alter movement behaviour in response to hunting pressure","M Stillfried, JL Belant, NJ Svoboda, DE Beyer, S Kramer-Schadt","2015"
"staflAmericanPikasOchotona2015","American pikas' (Ochotona princeps) foraging response to hikers and sensitivity to heat in an alpine environment","N Stafl, MI O'Connor","2015"
"sreekarFlightInitiationDistance2015","Flight initiation distance as behavioral indicator of hunting pressure a case study of the Sooty-headed Bulbul (Pycnonotus aurigaster) in Xishuangbanna, SW China","R Sreekar, E Goodale, RD Harrison","2015"
"smithTopCarnivoresIncrease2015","Top carnivores increase their kill rates on prey as a response to human-induced fear","JA Smith, YW Wang, CC Wilmers","2015"
"sahlenBehaviouralDifferencesSingle2015","Behavioural Differences between Single Scandinavian Brown Bears (Ursus arctos) and Females with Dependent Young When Experimentally Approached by Humans","V Sahlen, A Ordiz, JE Swenson, OG Stoen","2015"
"padieRoeDeerRisk2015","Roe deer at risk teasing apart habitat selection and landscape constraints in risk exposure at multiple scales","S Padie, N Morellet, AJM Hewison, JL Martin, N Bonnot, B Cargnelutti, S Chamaille-Jammes","2015"
"oriol-cotterillSpatiotemporalPatternsLion2015","Spatiotemporal patterns of lion space use in a human-dominated landscape","A Oriol-Cotterill, DW Macdonald, M Valeix, S Ekwanga, LG Frank","2015"
"oriol-cotterillLandscapesCoexistenceTerrestrial2015","Landscapes of Coexistence for terrestrial carnivores the ecological consequences of being downgraded from ultimate to penultimate predator by humans","A Oriol-Cotterill, M Valeix, LG Frank, C Riginos, DW Macdonald","2015"
"loneAdaptiveBehaviouralResponse2015","An adaptive behavioural response to hunting surviving male red deer shift habitat at the onset of the hunting season","K Lone, LE Loe, EL Meisingset, I Stamnes, A Mysterud","2015"
"liVigilanceActivityTimeBudget2015","Vigilance and Activity Time-Budget Adjustments of Wintering Hooded Cranes, Grus monacha, in Human-Dominated Foraging Habitats","CL Li, LZ Zhou, L Xu, NN Zhao, G Beauchamp","2015"
"kiszkaBehaviouralDriversEcological2015","Behavioural drivers of the ecological roles and importance of marine mammals","JJ Kiszka, MR Heithaus, AJ Wirsing","2015"
"haywardRiskPerceptionEndangered2015","Risk perception by endangered European bison Bison bonasus is context (condition) dependent","MW Hayward, S Ortmann, R Kowalczyk","2015"
"hansenHabituationHumansPredatorfree2015","Habituation to humans in a predator-free wild ungulate","BB Hansen, R Aanes","2015"
"gendallToleranceDisturbanceHumans2015","Tolerance of disturbance by humans in long-time resident and recent colonist urban doves","J Gendall, A Lill, J Beckman","2015"
"garcia-garciaDoesGatheringShellfish2015","Does the gathering of shellfish affect the behavior of gastropod scavengers on sandy beaches? A field experiment","FJ Garcia-Garcia, MJ Reyes-Martinez, MC Ruiz-Delgado, JE Sanchez-Moyano, MC Casas, A Perez-Hurtado","2015"
"blasiInfluenceTrammelNets2015","Influence of Trammel Nets on the Behaviour and Spatial Distribution of Bottlenose Dolphins (Tursiops truncatus) in the Aeolian Archipelago, Southern Italy","MF Blasi, A Giuliani, L Boitani","2015"
"bjorvikBirdFlightInitiation2015","Bird flight initiation distances in relation to distance from human settlements in a Tanzanian floodplain habitat","LM Bjorvik, S Dale, GH Hermansen, PKT Munishi, SR Moe","2015"
"bensonSpatiotemporalVariationSelection2015","Spatiotemporal variation in selection of roads influences mortality risk for canids in an unprotected landscape","JF Benson, PJ Mahoney, BR Patterson","2015"
"wheatHabituationReversesFearbased2016","Habituation reverses fear-based ecological effects in brown bears (Ursus arctos)","RE Wheat, CC Wilmers","2016"
"weteringsStrongReactiveMovement2016","Strong reactive movement response of the medium-sized European hare to elevated predation risk in short vegetation","MJA Weterings, M Zaccaroni, N van der Koore, LM Zijlstra, HJ Kuipers, F van Langevelde, SE van Wieren","2016"
"uchidaSeasonalVariationFlight2016","Seasonal variation of flight initiation distance in Eurasian red squirrels in urban versus rural habitat","K Uchida, K Suzuki, T Shimamoto, H Yanagawa, I Koizumi","2016"
"tranSpearfishinginducedBehavioralChanges2016","Spearfishing-induced behavioral changes of an unharvested species inside and outside a marine protected area","DSC Tran, KA Langel, MJ Thomas, DT Blumstein","2016"
"smithSpatialCharacteristicsResidential2016","Spatial characteristics of residential development shift large carnivore prey habits","J.A. Smith, Y. Wang, C.C. Wilmers","2016"
"shannonRoadNoiseCauses2016","Road noise causes earlier predator detection and flight response in a free-ranging mammal","G Shannon, KR Crooks, G Wittemyer, KM Fristrup, LM Angeloni","2016"
"schuetteUngulateDistributionsRangeland2016","Ungulate distributions in a rangeland with competitors, predators and pastoralists","P Schuette, S Creel, D Christianson","2016"
"reislandSympatricApesSacred2016","Sympatric Apes in Sacred Forests Shared Space and Habitat Use by Humans and Endangered Javan Gibbons (Hylobates moloch)","MA Reisland, JE Lambert","2016"
"polichFlightInitiationDistance2016","Flight Initiation Distance in a Freshwater Turtle, Chrysemys picta","RL Polich, M Barazowski","2016"
"podgorskiDriversSynchronizedVigilance2016","Drivers of synchronized vigilance in wild boar groups","T Podgorski, S de Jong, JW Bubnicki, DPJ Kuijper, M Churski, B Jedrzejewska","2016"
"pecorellaEffectsCullingVigilance2016","Effects of culling on vigilance behaviour and endogenous stress response of female fallow deer","I Pecorella, F Ferretti, A Sforzi, E Macchi","2016"
"parsonsEcologicalImpactHumans2016","The ecological impact of humans and dogs on wildlife in protected areas in eastern North America","AW Parsons, C Bland, T Forrester, MC Baker-Whatton, SG Schuttler, WJ McShea, R Costello, R Kays","2016"
"nowakInfluenceLivecaptureRisk2016","Influence of live-capture on risk perceptions of habituated samango monkeys","K Nowak, SA Richards, A le Roux, RA Hill","2016"
"murchisonHumanActivityHabitat2016","Human Activity and Habitat Characteristics Influence Shorebird Habitat Use and Behavior at a Vancouver Island Migratory Stopover Site","CR Murchison, Y Zharikov, E Nol","2016"
"liCollectiveVigilanceWintering2016","Collective Vigilance in the Wintering Hooded Crane The Role of Flock Size and Anthropogenic Disturbances in a Human-Dominated Landscape","CL Li, G Beauchamp, Z Wang, P Cui","2016"
"lamannaBehavioralResponseBrown2016","Behavioral response of brown meagre (Sciaena umbra) to boat noise","G La Manna, M Manghi, F Perretti, G Sara","2016"
"kuijperPawsClawsEcological2016","Paws without claws? Ecological effects of large carnivores in anthropogenic landscapes","DPJ Kuijper, E Sahlen, B Elmhagen, S Chamaille-Jammes, H Sand, K Lone, JPGM Cromsigt","2016"
"krishnaWildUngulateDecisionMaking2016","Wild Ungulate Decision-Making and the Role of Tiny Refuges in Human-Dominated Landscapes","YC Krishna, A Kumar, K Isvaran","2016"
"isojunnoSpermWhalesReduce2016","Sperm whales reduce foraging effort during exposure to 1-2 kHz sonar and killer whale sounds","S Isojunno, C Cure, PH Kvadsheim, FPA Lam, PL Tyack, PJ Wensveen, PJO Miller","2016"
"holmernEffectsExperimentalHuman2016","Effects of experimental human approaches on escape behavior in Thomson's gazelle (Eudorcas thomsonii)","T Holmern, TH Setsaas, C Melis, J Tufto, E Roskaft","2016"
"hertelTemporalEffectsHunting2016","Temporal effects of hunting on foraging behavior of an apex predator Do bears forego foraging when risk is high?","AG Hertel, A Zedrosser, A Mysterud, OG Stoen, SMJG Steyaert, JE Swenson","2016"
"guayAvianBufferInteractiveTool2016","AvianBuffer An interactive tool for characterising and managing wildlife fear responses","PJ Guay, WFD van Dongen, RW Robinson, DT Blumstein, MA Weston","2016"
"gregoryResponsesNatricineSnakes2016","Responses of Natricine Snakes to Predatory Threat A Mini-Review and Research Prospectus","PT Gregory","2016"
"freebergForagingCallingBehavior2016","Foraging and Calling Behavior of Carolina chickadees (Poecile carolinensis) in Response to the Head Orientation of Potential Predators","TM Freeberg, DL Book, RL Weiner","2016"
"diaz-ruizDriversRedFox2016","Drivers of red fox (Vulpes vulpes) daily activity prey availability, human disturbance or habitat structure?","F Diaz-Ruiz, J Caro, M Delibes-Mateos, B Arroyo, P Ferreras","2016"
"collopVariabilityAreaEnergy2016","Variability in the area, energy and time costs of wintering waders responding to disturbance","C Collop, RA Stillman, A Garbutt, MG Yates, E Rispin, T Yates","2016"
"colefaxEffectAnglingIntensity2016","Effect of angling intensity on feeding behaviour and community structure of subtropical reef-associated fishes","AP Colefax, MDE Haywood, IR Tibbetts","2016"
"clinchyFearHumanSuper2016","Fear of the human ""Super Predator"" far exceeds the fear of large carnivores in a model mesocarnivore","M Clinchy, LY Zanette, D Roberts, JP Suraci, CD Buesching, C Newman, DW Macdonald","2016"
"cavalliDifferentialRiskPerception2016","Differential risk perception of rural and urban Burrowing Owls exposed to humans and dogs","M Cavalli, AV Baladron, JP Isacch, LM Biondi, MS Bo","2016"
"brubakerEffectsSingleMixedSpecies2016","Effects of Single- and Mixed-Species Group Composition on the Flight Initiation Distances of Plains and Grevy's Zebras","AS Brubaker, RG Coss","2016"
"blackwellNoSingleSolution2016","No single solution application of behavioural principles in mitigating human-wildlife conflict","BF Blackwell, TL DeVault, E Fernandez-Juricic, EM Gese, L Gilbert-Norton, SW Breck","2016"
"bergsethProtectedAreasPreserve2016","Protected areas preserve natural behaviour of a targeted fish species on coral reefs","BJ Bergseth, DH Williamson, AJ Frisch, GR Russ","2016"
"bensonIndividualPopulationLevel2016","Individual and population level resource selection patterns of mountain lions preying on mule deer along an urban-wildland gradient","J.F. Benson, J.A. Sikich, S.P.D. Riley","2016"
"battlePREDICTORSFLIGHTBEHAVIOR2016","PREDICTORS OF FLIGHT BEHAVIOR IN RURAL AND URBAN SONGBIRDS","KE Battle, SL Foltz, IT Moore","2016"
"adamEffectStartHunting2016","Effect of Start of Hunting Season on Behaviour of Greylag Geese Anser anser","M. Adam, M. Podhrázský, P. Musil","2016"
"Madin2016","Human activities change marine ecosystems by altering predation risk","EMP Madin, LM Dill, AD Ridlon, MR Heithaus, RR Warner","2016"
"welchHunterHuntedPerceptions2017","Hunter or hunted? Perceptions of risk and reward in a small mesopredator","RJ Welch, S Periquet, MB Petelle, A le Roux","2017"
"visscherHumanRiskInduced2017","Human Risk Induced Behavioral Shifts in Refuge Use by Elk in an Agricultural Matrix","DR Visscher, I MacLeod, K Vujnovic, D Vujnovic, PD DeWitt","2017"
"thurfjellLearningMistakesOthers2017","Learning from the mistakes of others How female elk (Cervus elaphus) adjust behaviour with age to avoid hunters","H Thurfjell, S Ciuti, MS Boyce","2017"
"tabladoDeterminantsUncertaintyWildlife2017","Determinants of uncertainty in wildlife responses to human disturbance","Zulima Tablado, Lukas Jenni","2017"
"suttonEffectsHumanState2017","Effects of human state park visitation rates on escape behavior of white-tailed deer","NM Sutton, EJ Heske","2017"
"stillfriedSecretsSuccessLandscape2017","Secrets of Success in a Landscape of Fear Urban Wild Boar Adjust Risk Perception and Tolerate Disturbance","M Stillfried, P Gras, K Borner, F Goritz, J Painer, K Rollig, M Wenzler, H Hofer, S Ortmann, S Kramer-Schadt","2017"
"smithFearHumanSuper2017","Fear of the human 'super predator' reduces feeding time in large carnivores","JA Smith, JP Suraci, M Clinchy, A Crawford, D Roberts, LY Zanette, CC Wilmers","2017"
"schuttlerDeerLookoutHow2017a","Deer on the lookout How hunting, hiking and coyotes affect white-tailed deer vigilance","S. G. Schuttler, A. W. Parsons, T. D. Forrester, M. C. Baker, W. J. McShea, R. Costello, R. Kays","2017"
"schaknerCanFearConditioning2017","Can fear conditioning repel California sea lions from fishing activities?","ZA Schakner, T Gotz, VM Janik, DT Blumstein","2017"
"sarmentoHumanVisitationLimits2017","Human visitation limits the utility of protected areas as ecological baselines","WM Sarmento, J Berger","2017"
"samiaRuralUrbanDifferencesEscape2017","Rural-Urban Differences in Escape Behavior of European Birds across a Latitudinal Gradient","DSM Samia, DT Blumstein, M Diaz, T Grim, JD Ibanez-Alamo, J Jokimaki, K Tatte, G Marko, P Tryjanowski, AP Moller","2017"
"planteLandscapeAttributesExplain2017","Landscape attributes explain migratory caribou vulnerability to sport hunting","S Plante, C Dussault, SD Cote","2017"
"petrelliFirstFlushEffects2017","First to Flush The Effects of Ambient Noise on Songbird Flight Initiation Distances and Implications for Human Experiences with Nature","AR Petrelli, MJ Levenhagen, R Wardle, JR Barber, CD Francis","2017"
"personsHumanActivityHabitat2017","Human activity and habitat type affect perceived predation risk in urban white-footed mice (Peromyscus leucopus)","WE Persons, P Eason","2017"
"patonHuntingExacerbatesResponse2017","Hunting exacerbates the response to human disturbance in large herbivores while migrating through a road network","DG Paton, S Ciuti, M Quinn, MS Boyce","2017"
"ordizSeasonalityHumanDisturbance2017","Seasonality and human disturbance alter brown bear activity patterns implications for circumpolar carnivore conservation?","A Ordiz, S Saebo, J Kindberg, JE Swenson, OG Stoen","2017"
"nowakSamangoMonkeysCercopithecus2017","Samango Monkeys (Cercopithecus albogularis labiatus) Manage Risk in a Highly Seasonal, Human-Modified Landscape in Amathole Mountains, South Africa","K Nowak, K Wimberger, SA Richards, RA Hill, A le Roux","2017"
"morris-drakeAnthropogenicNoiseAlters2017","Anthropogenic noise alters dwarf mongoose responses to heterospecific alarm calls","A Morris-Drake, AM Bracken, JM Kern, AN Radford","2017"
"moriPorcupinesLandscapeFear2017","Porcupines in the landscape of fear effect of hunting with dogs on the behaviour of a non-target species","E Mori","2017"
"lowreyTOLERANCEDISTURBANCEREGULATED2017","TOLERANCE TO DISTURBANCE REGULATED BY ATTRACTIVENESS OF RESOURCES A CASE STUDY OF DESERT BIGHORN SHEEP WITHIN THE RIVER MOUNTAINS, NEVADA","C Lowrey, KM Longshore","2017"
"lovariSuburbanEcologyCrested2017","Suburban ecology of the crested porcupine in a heavily poached area a global approach","S. Lovari, M.T. Corsini, B. Guazzini, G. Romeo, E. Mori","2017"
"loneTemporalVariationHabitat2017","Temporal variation in habitat selection breaks the catch-22 of spatially contrasting predation risk from multiple predators","K Lone, A Mysterud, T Gobakken, J Odden, J Linnell, LE Loe","2017"
"lesmerisesRefugePredationRisk2017","Refuge or predation risk? Alternate ways to perceive hiker disturbance based on maternal state of female caribou","F Lesmerises, CJ Johnson, MH St-Laurent","2017"
"jiangEscapePredatorsGenetic2017","Escape from predators and genetic variance in birds","Y. Jiang, A.P. Møller","2017"
"jiangAntipredatorEscapeDistances2017","Antipredator escape distances of common and threatened birds","YT Jiang, AP Moller","2017"
"haswellLargeCarnivoreImpacts2017","Large carnivore impacts are context-dependent","Peter M. Haswell, Josip Kusak, Matt W. Hayward","2017"
"griffinIndividuallevelBehavioralResponses2017","Individual-level behavioral responses of immature green turtles to snorkeler disturbance","LP Griffin, JW Brownscombe, TO Gagne, ADM Wilson, SJ Cooke, AJ Danylchuk","2017"
"gehrLandscapeCoexistenceLarge2017","A landscape of coexistence for a large predator in a human dominated landscape","B Gehr, EJ Hofer, S Muff, A Ryser, E Vimercati, K Vogt, LF Keller","2017"
"diazpauliBehaviouralResponsesHumaninduced2017","Behavioural responses to human-induced change Why fishing should not be ignored","Beatriz Diaz Pauli, Andrew Sih","2017"
"carreteBehavioralCorrelationsAssociated2017","Behavioral Correlations Associated with Fear of Humans Differ between Rural and Urban Burrowing Owls","M Carrete, JL Tella","2017"
"cappaEffectsRoadsBehaviour2017","Effects of roads on the behaviour of the largest South American artiodactyl (Lama guanicoe) in an Argentine reserve","FM Cappa, SM Giannoni, CE Borghi","2017"
"cappaEffectsPoachingHabitat2017","The effects of poaching and habitat structure on anti-predator behavioral strategies A guanaco population in a high cold desert as case study","F Cappa, V Campos, S Giannoni, N Andino","2017"
"cabreraIslandTamenessRepeatability2017","Island tameness and the repeatability of flight initiation distance in a large herbivore","D Cabrera, D Andres, PD McLoughlin, L Debeffe, SA Medill, AJ Wilson, J Poissant","2017"
"bonnotStickTwistRoe2017","Stick or twist roe deer adjust their flight behaviour to the perceived trade-off between risk and reward","NC Bonnot, AJM Hewison, N Morellet, JM Gaillard, L Debeffe, O Couriot, B Cargnelutti, Y Chaval, B Lourtet, P Kjellander, C Vanpe","2017"
"yamashitaAntipredatorBehaviourAfrican2018","Antipredator behaviour of African ungulates around human settlements","T Yamashita, KM Gaynor, J Kioko, J Brashares, C Kiffner","2018"
"vandonselaarUrbanizationAltersFear2018","Urbanization alters fear behavior in black-capped chickadees","JL Van Donselaar, JL Atma, ZA Kruyf, HN LaCroix, DS Proppe","2018"
"vancleaveDielPatternsMovement2018","Diel patterns of movement activity and habitat use by leopards (Panthera pardus pardus) living in a human-dominated landscape in central Kenya","EK Van Cleave, LR Bidner, AT Ford, D Caillaud, CC Wilmers, LA Isbell","2018"
"tatteIntegratedViewEscape2018","Towards an integrated view of escape decisions in birds relation between flight initiation distance and distance fled","K Tatte, AP Moller, R Mand","2018"
"sullivanRecognizingDangerZone2018","Recognizing the danger zone response of female white-tailed to discrete hunting events","JD Sullivan, SS Ditchkoff, BA Collier, CR Ruth, JB Raglin","2018"
"shamoonIncreasedMammalNocturnality2018","Increased mammal nocturnality in agricultural landscapes results in fragmentation due to cascading effects","H Shamoon, R Maor, D Saltz, T Dayan","2018"
"seccoHabitatSelectionBlacktufted2018","Habitat selection by the black-tufted marmoset Callithrix penicillata in human-disturbed landscapes","H Secco, C Grilo, A Bager","2018"
"sbragagliaSpearfishingModulatesFlight2018","Spearfishing modulates flight initiation distance of fishes the effects of protection, individual size, and bearing a speargun","V Sbragaglia, L Morroni, L Bramanti, B Weitzmann, R Arlinghaus, E Azzurro","2018"
"rhoadesFishedSpeciesUniformly2018","Fished species uniformly reduced escape behaviors in response to protection","OK Rhoades, SI Lonhart, JJ Stachowicz","2018"
"planteHumanDisturbanceEffects2018","Human disturbance effects and cumulative habitat loss in endangered migratory caribou","S Plante, C Dussault, JH Richard, SD Cote","2018"
"peksaDaytimeActivityBudget2018","Daytime activity budget of an alpine ungulate (Tatra chamois Rupicapra rupicapra tatrica) influence of herd size, sex, weather and human disturbance","L Peksa, M Ciach","2018"
"osorio-beristainRelatingFlightInitiation2018","Relating flight initiation distance in birds to tropical dry forest restoration","M Osorio-Beristain, A Rodriguez, C Martinez-Garza, RE Alcala","2018"
"mikulaRiskPerceptionVervet2018","Risk perception of vervet monkeys Chlorocebus pygerythrus to humans in urban and rural environments","P Mikula, G Saffa, E Nelson, P Tryjanowski","2018"
"mccormickBoatNoiseImpacts2018","Boat noise impacts risk assessment in a coral reef fish but effects depend on engine type","Mark I. McCormick, Bridie J. M. Allan, Harry Harding, Stephen D. Simpson","2018"
"harrisMarineMammalsSonar2018","Marine mammals and sonar Dose-response studies, the risk-disturbance hypothesis and the role of exposure context","CM Harris, L Thomas, EA Falcone, J Hildebrand, D Houser, PH Kvadsheim, FPA Lam, PJO Miller, DJ Moretti, AJ Read, H Slabbekoorn, BL Southall, PL Tyack, D Wartzok, VM Janik","2018"
"haidtHumanBeastFlightAggressive2018","Human and the beast-Flight and aggressive responses of European bison to human disturbance","A Haidt, T Kaminski, T Borowik, R Kowalczyk","2018"
"goldenbergIntergenerationalChangeAfrican2018","Inter-generational change in African elephant range use is associated with poaching risk, primary productivity and adult mortality","SZ Goldenberg, I Douglas-Hamilton, G Wittemyer","2018"
"genovartDifferentialAdultSurvival2018","Differential adult survival at close seabird colonies The importance of spatial foraging segregation and bycatch risk during the breeding season","M Genovart, J Becares, JM Igual, A Martinez-Abrain, R Escandell, A Sanchez, B Rodriguez, JM Arcos, D Oro","2018"
"cavalliRoleHabituationAdjustment2018","The role of habituation in the adjustment to urban life An experimental approach with burrowing owls","M Cavalli, AV Baladron, JP Isacch, LM Biondi, MS Bo","2018"
"braimohManagingHumanDisturbance2018","Managing human disturbance factors influencing flight-initiation distance of birds in a West African nature reserve","B Braimoh, S Iwajomo, M Wilson, A Chaskda, A Ajang, W Cresswell","2018"
"botschEffectHumanRecreation2018","Effect of human recreation on bird anti-predatory response","Y Botsch, S Gugelmann, Z Tablado, L Jenni","2018"
"blechaHungerMediatesApex2018","Hunger mediates apex predator's risk avoidance response in wildland-urban interface","KA Blecha, RB Boone, MW Alldredge","2018"
"blankEscapingBehaviorGoitered2018","Escaping behavior in goitered gazelle","DA Blank","2018"
"belottiRecreationalActivitiesAffect2018","Recreational activities affect resting site selection and foraging time of Eurasian lynx (Lynx lynx)","E Belotti, K Mayer, J Kreisinger, M Heurich, L Bufka","2018"
"aikinsEvaluationLevelHuman2018","An evaluation of the level of human disturbance to waterbirds at Mole National Park in Ghana","TK Aikins, F Gbogbo, EH Owusu","2018"
"zamanIncreasedFlightInitiation2019","Increased Flight Initiation Distance (FID) in Golden Marmots (Marmota caudata aurea) Responding to Domestic Dogs in A Landscape of Human Disturbance","M Zaman, BA Tolhurst, MY Zhu, GS Jiang","2019"
"vinczeGreatTitsTake2019","Great tits take greater risk toward humans and sparrowhawks in urban habitats than in forests","E Vincze, I Pipoly, G Seress, B Preiszner, S Papp, B Nemeth, A Liker, V Bokony","2019"
"uchidaDecreasedVigilanceHabituation2019","Decreased vigilance or habituation to humans? Mechanisms on increased boldness in urban animals","K Uchida, KK Suzuki, T Shimamoto, H Yanagawa, I Koizumi","2019"
"tatteAntipredatorFunctionVigilance2019","Antipredator function of vigilance re-examined vigilant birds delay escape","K Tatte, JD Ibanez-Alamo, G Marko, R Mand, AP Moller","2019"
"suraciHumansNotTheir2019","Humans, but not their dogs, displace pumas from their kills An experimental approach","JP Suraci, JA Smith, M Clinchy, L Zanette, CC Wilmers","2019"
"suraciFearHumansApex2019","Fear of humans as apex predators has landscape-scale impacts from mountain lions to mice","JP Suraci, M Clinchy, LY Zanette, CC Wilmers","2019"
"suraciBehaviorspecificHabitatSelection2019","Behavior-specific habitat selection by African lions may promote their persistence in a human-dominated landscape","JP Suraci, LG Frank, A Oriol-Cotterill, S Ekwanga, TM Williams, CC Wilmers","2019"
"stamoulisFlightBehaviorTargeted2019","Flight behavior of targeted fishes depends on variables other than fishing","KA Stamoulis, ES Harvey, AM Friedlander, ID Williams, KC Weng, C Wiggins, GW Wagner, EJ Conklin","2019"
"spitzBehavioralChangesNutritional2019","Behavioral changes and nutritional consequences to elk ( Cervus canadensis ) avoiding perceived risk from human hunters","Derek B. Spitz, Mary M. Rowland, Darren A. Clark, Michael J. Wisdom, Joshua B. Smith, Casey L. Brown, Taal Levi","2019"
"shoresMesopredatorsChangeTemporal2019","Mesopredators change temporal activity in response to a recolonizing apex predator","C.R. Shores, J.A. Dellinger, E.S. Newkirk, S.M. Kachel, A.J. Wirsing","2019"
"samiaMetaanalysisFishBehavioural2019","A meta-analysis of fish behavioural reaction to underwater human presence","DSM Samia, E Bessa, DT Blumstein, JACC Nunes, E Azzurro, L Morroni, V Sbragaglia, FA Januchowski-Hartley, B Geffroy","2019"
"rhoadesHumaninducedReductionsFish2019","Human-induced reductions in fish predator boldness decrease their predation rates in kelp forests","OK Rhoades, SI Lonhart, JJ Stachowicz","2019"
"picardiMovementResponsesRoe2019","Movement responses of roe deer to hunting risk","S Picardi, M Basille, W Peters, JM Ponciano, L Boitani, F Cagnacci","2019"
"pattenIntersectionHumanDisturbance2019","The Intersection of Human Disturbance and Diel Activity, with Potential Consequences on Trophic Interactions","MA Patten, JC Burger, M Mitrovich","2019"
"otienoHumanRiskmediatedBrowsing2019","Human- and risk-mediated browsing pressure by sympatric antelope in an African savanna","TO Otieno, JR Goheen, PW Webala, A Mwangi, IM Osuga, AT Ford","2019"
"nunesReefFishAntipredator2019","Reef fish antipredator behavior in remote islands does not reflect patterns seen in coastal areas","JACC Nunes, DT Blumstein, VJ Giglio, F Barros, JP Quimbayo","2019"
"mohlmanNonconsumptiveEffectsHunting2019","Nonconsumptive effects of hunting on a nontarget game bird","J.L. Mohlman, R.R. Gardner, I.B. Parnell, N.G. Wilhite, J.A. Martin","2019"
"mikleForageFleeLessons2019","To forage or flee lessons from an elk migration near a protected area","N.L. Mikle, T.A. Graves, E.M. Olexa","2019"
"lodberg-holmHumaninducedLandscapeFear2019","A human-induced landscape of fear influences foraging behavior of brown bears","HK Lodberg-Holm, HW Gelink, AG Hertel, E Swenson, M Domevscik, SMJG Steyaert","2019"
"ladleGrizzlyBearResponse2019","Grizzly bear response to spatio-temporal variability in human recreational activity","A Ladle, T Avgar, M Wheatley, GB Stenhouse, SE Nielsen, MS Boyce","2019"
"kalbFlightInitiationDistance2019","Flight initiation distance and escape behavior in the black redstart (Phoenicurus ochruros)","N. Kalb, F. Anger, C. Randler","2019"
"ihwagiPoachingLowersElephant2019","Poaching lowers elephant path tortuosity implications for conservation","FW Ihwagi, AK Skidmore, TJ Wang, G Bastille-Rousseau, AG Toxopeus, I Douglas-Hamilton","2019"
"evansHourlyMovementDecisions2019","Hourly movement decisions indicate how a large carnivore inhabits developed landscapes","MJ Evans, JE Hawley, PW Rego, TAG Rittenhouse","2019"
"dwinnellWhereForageWhen2019","Where to forage when afraid Does perceived risk impair use of the foodscape?","SPH Dwinnell, H Sawyer, JE Randall, JL Beck, JS Forbey, GL Fralick, KL Monteith","2019"
"devoeElkForageRisk2019","Elk forage and risk tradeoffs during the fall archery season","JD Devoe, KM Proffitt, MS Mitchell, CS Jourdonnais, KJ Barker","2019"
"davilaAntipredatorBehaviorPure2019","Anti-predator behavior in pure and hybrid red-legged partridges","SG Davila, OT Cuenca, MG Gil, OA Toledano-Diaz, C Castano, J Santiago-Moreno, JL Campo","2019"
"blumsteinWhatChasingBirds2019","What chasing birds can teach us about predation risk effects Past insights and future directions","DT Blumstein","2019"
"blackwellSocialInformationAffects2019","Social information affects Canada goose alert and escape responses to vehicle approach implications for animal-vehicle collisions","BF Blackwell, TW Seamans, TL DeVault, SL Lima, MB Pfeiffer, E Fernandez-Juricic","2019"
"benevidesFearinducedBehaviouralModifications2019","Fear-induced behavioural modifications in damselfishes can be diver-triggered","LJ Benevides, GC Cardozo-Ferreira, CEL Ferreira, PHC Pereira, TK Pinto, CLS Sampaio","2019"
"austinFlightResponsesEastern2019","Flight responses of eastern gray kangaroos to benign or harmful human behavior","CM Austin, D Ramp","2019"
"alldredgeHumanCougarInteractionsWildlandurban2019","Human-Cougar interactions in the wildland-urban interface of Colorado's front range","MW Alldredge, FE Buderman, KA Blecha","2019"
"millerLandscapeFearHumanpredator2019","Landscape of fear and human-predator coexistence Applying spatial predator-prey interaction theory to understand and reduce carnivore-livestock conflict","JRB Miller, OJ Schmitz","2019"
"zanetteEcologyNeurobiologyFear2020","Ecology and Neurobiology of Fear in Free-Living Wildlife","LY Zanette, M Clinchy","2020"
"yamaguchiRelationshipHuntingTime2020","Relationship Between Hunting Time Schedule and Sika Deer Spatial Displacement in Hunting with and Without Driving","S Yamaguchi, KM Takeshita, K Tanikawa, K Kaji","2020"
"williamsHighHumanDisturbance2020","High human disturbance decreases individual variability in skink escape behavior","DM Williams, PT Nguyen, K Chan, M Krohn, DT Blumstein","2020"
"weversTradingFearFood2020","Trading fear for food in the Anthropocene How ungulates cope with human disturbance in a multi-use, suburban ecosystem","J Wevers, J Fattebert, J Casaer, T Artois, N Beenaerts","2020"
"turnerRisktakingFreelivingSpotted2020","Risk-taking in free-living spotted hyenas is associated with anthropogenic disturbance, predicts survivorship, and is consistent across experimental contexts","JW Turner, RM LaFleur, AT Richardson, KE Holekamp","2020"
"tryjanowskiEmergenceToleranceHuman2020","The emergence of tolerance of human disturbance in Neotropical birds","P Tryjanowski, JZ Kosicki, M Hromada, P Mikula","2020"
"troupMovementTortuositySpeed2020","Movement tortuosity and speed reveal the trade-offs of crop raiding for African elephants","G Troup, B Doran, J Au, LE King, I Douglas-Hamilton, R Heinsohn","2020"
"sergeyevInfluenceHabitatUse2020","The influence of habitat use on harvest vulnerability of cow elk (Cervus canadensis)","M Sergeyev, BR McMillan, KR Hersey, RT Larsen","2020"
"perryIndividualResponsesNovel2020","Individual responses to novel predation risk and the emergence of a landscape of fear","T.A. Perry, M.P. Laforge, E. Vander Wal, T.W. Knight, P.D. McLoughlin","2020"
"montgomeryInducibleDefencesLarge2020","The inducible defences of large mammals to human lethality","RA Montgomery, DW Macdonald, MW Hayward","2020"
"montero-quintanaEcotourismImpactsBehaviour2020","Ecotourism impacts on the behaviour of whale sharks an experimental approach","AN Montero-Quintana, JA Vazquez-Haikin, T Merkling, P Blanchard, M Osorio-Beristain","2020"
"millsHumansDisruptAccess2020","Humans disrupt access to prey for large African carnivores","KL Mills, NC Harris","2020"
"mendesLandscapeHumanFear2020","Landscape of human fear in Neotropical rainforest mammals","CP Mendes, D Carreira, F Pedrosa, G Beca, L Lautenschlager, P Akkawi, W Berce, KMPMB Ferraz, M Galetti","2020"
"mbiseHumanHabituationReduces2020","Human habituation reduces hyrax flight initiation distance in Serengeti","FP Mbise, KE Fredriksen, PS Ranke, C Jackson, R Fyumagwa, T Holmern, F Fossoy, E Roskaft","2020"
"jacobySharkMovementStrategies2020","Shark movement strategies influence poaching risk and can guide enforcement decisions in a large, remote marine protected area","D.M.P. Jacoby, F. Ferretti, R. Freeman, A.B. Carlisle, T.K. Chapple, D.J. Curnick, J.J. Dale, R.J. Schallert, D. Tickler, B.A. Block","2020"
"houdeManipulatingForageRisk2020","Manipulating forage and risk avoidance to increase white-tailed deer vulnerability to hunters","N Houde, JP Tremblay, N Thiffault, SD Cote","2020"
"haswellFearDarkMesopredator2020","Fear of the dark? A mesopredator mitigates large carnivore risk through nocturnality, but humans moderate the interaction","PM Haswell, J Kusak, KA Jones, MW Hayward","2020"
"hallFlightInitiationDistance2020","Flight initiation distance changes across landscapes and habitats in a successful urban coloniser","MJ Hall, AL Burns, JM Martin, DF Hochuli","2020"
"goumasHerringGullAversion2020","Herring gull aversion to gaze in urban and rural human settlements","M Goumas, TR Collins, L Fordham, LA Kelley, NJ Boogert","2020"
"gehrStayHomeStay2020","Stay home, stay safe-Site familiarity reduces predation risk in a large herbivore in two contrasting study sites","B Gehr, NC Bonnot, M Heurich, F Cagnacci, S Ciuti, AJM Hewison, JM Gaillard, N Ranc, J Premier, K Vogt, E Hofer, A Ryser, E Vimercati, LF Keller","2020"
"geffroyEvolutionaryDynamicsAnthropocene2020","Evolutionary dynamics in the Anthropocene Life history and intensity of human contact shape antipredator responses","B Geffroy, B Sadoul, BJ Putman, O Berger-Tal, LZ Garamszegi, AP Moller, DT Blumstein","2020"
"garcia-arroyoTolerantHumansAssessment2020","Tolerant to humans? Assessment of alert and flight initiation distances of two bird species in relation to sex, flock size, and environmental characteristics","M Garcia-Arroyo, I MacGregor-Fors","2020"
"fujiokaAlertFlightInitiation2020","Alert and flight initiation distances of crows in relation to the culling method, shooting or trapping","M Fujioka","2020"
"findlayFieldGuardingCrop2020","Field guarding as a crop protection method preliminary implications for improving field guarding","LJ Findlay, RA Hill","2020"
"fardellFearStressingPredator2020","Fear and stressing in predator prey ecology Considering the twin stressors of predators and people on mammals","LL Fardell, CR Pavey, CR Dickman","2020"
"dillBehaviourallyMediatedBiases2020","Behaviourally mediated biases in transect surveys a predation risk sensitivity approach","LM Dill, A Frid","2020"
"creelHiddenMarkovModels2020","Hidden Markov Models reveal a clear human footprint on the movements of highly mobile African wild dogs","S Creel, J Merkle, T Mweetwa, MS Becker, H Mwape, T Simpamba, C Simukonda","2020"
"chassagneuxShouldStayShould2020","Should I stay or should I go? Determinants of immediate and delayed movement responses of female red deer (Cervus elaphus) to drive hunts","A Chassagneux, C Calenge, P Marchand, E Richard, E Guillaumat, E Baubet, S Said","2020"
"carreiraQuestionSizeFear2020","A question of size and fear competition and predation risk perception among frugivores and predators","DC Carreira, JF Brodie, CP Mendes, KMPMB Ferraz, M Galetti","2020"
"brownEvaluatingIndirectEffects2020","Evaluating Indirect Effects of Hunting on Mule Deer Spatial Behavior","CL Brown, JB Smith, MJ Wisdom, MM Rowland, DB Spitz, DA Clark","2020"
"bonnotFearDarkContrasting2020","Fear of the dark? Contrasting impacts of humans versus lynx on diel activity of roe deer across EuropeMots-cles","N Bonnot, O Couriot, A Berger, F Cagnacci, S Ciuti, J De Groeve, B Gehr, M Heurich, P Kjellander, M Kroschel, N Morellet, L Sonnichsen, AJM Hewison","2020"
"blankBehavioralResponsesGoitered2020","Behavioral responses of goitered gazelles to potential threats","DA Blank","2020"
"bastille-rousseauLandscapescaleHabitatResponse2020","Landscape-scale habitat response of African elephants shows strong selection for foraging opportunities in a human dominated ecosystem","G Bastille-Rousseau, J Wall, I Douglas-Hamilton, B Lesowapir, B Loloju, N Mwangi, G Wittemyer","2020"
"yovovichPumasFearHumans2021","Pumas' fear of humans precipitates changes in plant architecture","V Yovovich, M Thomsen, CC Wilmers","2021"
"xuAlertTimeReflects2021","Alert time reflects the negative impacts of human disturbance on an endangered bird species in Changbai Mountain, China","WY Xu, Y Gong, HT Wang","2021"
"waltonInsightsShortLongterm2021","Insights into short- and long-term crop-foraging strategies in a chacma baboon (Papio ursinus) from GPS and accelerometer data","BJ Walton, LJ Findlay, RA Hill","2021"
"vedorOceanicDielVertical2021","Oceanic Diel Vertical Movement Patterns of Blue Sharks Vary With Water Temperature and Productivity to Change Vulnerability to Fishing","M. Vedor, G. Mucientes, S. Hernández-Chan, R. Rosa, N. Humphries, D.W. Sims, N. Queiroz","2021"
"uchidaHabituationSensitizationLongterm2021","Habituation or sensitization? Long-term responses of yellow-bellied marmots to human disturbance","K Uchida, DT Blumstein","2021"
"tsunodaHumanDisturbancesIncrease2021","Human disturbances increase vigilance levels in sika deer (Cervus nippon) A preliminary observation by camera-trapping","H Tsunoda","2021"
"susckeRoleHuntingSapajus2021","The role of hunting on Sapajus xanthosternos' landscape of fear in the Atlantic Forest, Brazil","P Suscke, A Presotto, P Izar","2021"
"souza-alvesEmergencyOnlyTerrestrial2021","For emergency only terrestrial feeding in Coimbra-Filho's titis reflects seasonal arboreal resource availability","JP Souza-Alves, FB Baccaro, IP Fontes, MA Oliveira, NMO Silva, AA Barnett","2021"
"smithMismatchRiskResponse2021a","Mismatch Between Risk and Response May Amplify Lethal and Non-lethal Effects of Humans on Wild Animal Populations","Justine A. Smith, Kaitlyn M. Gaynor, Justin P. Suraci","2021"
"schultzSexspecificForagingApex2021","Sex-specific foraging of an apex predator puts females at risk of human-wildlife conflict","H Schultz, KV Chang, SJ Bury, AC Gaskett, TE Dennis, SMH Ismar-Rebitz, I Southey, RJ Hohnhold, CD Millar","2021"
"santodomingoLimitedInfluenceHunting2021","Limited influence of hunting on the activity patterns and habitat use of Pampas fox (Lycalopex gymnocercus) in agroecosystems of central Argentina","AD Santo Domingo, NC Caruso, MD Guerisoli, M Lucherini, EML Vidal","2021"
"sandBehavioralEffectsWolf2021","Behavioral effects of wolf presence on moose habitat selection testing the landscape of fear hypothesis in an anthropogenic landscape","H Sand, M Jamieson, H Andren, C Wikenros, J Cromsigt, J Mansson","2021"
"rodgersSexSpecificBehaviorsHunted2021","Sex-Specific Behaviors of Hunted Mule Deer During Rifle Season","PA Rodgers, H Sawyer, TW Mong, S Stephens, MJ Kauffman","2021"
"reynoldsDefiningSeparationZones2021","Defining separation zones for coastal birds at a wetland of global importance","C Reynolds, DAW Henry, DRC Tye, ND Tye","2021"
"reislandEndangeredApesCanTheir2021","Endangered Apes-Can Their Behaviors Be Used to Index Fear and Disturbance in Anthropogenic Landscapes?","MA Reisland, N Malone, JE Lambert","2021"
"rangelOccurrenceBehaviourShorebirds2021","Occurrence and Behaviour of Shorebirds Depend on Food Availability and Distance of Beaches from Urban Settlements","D.F. Rangel, E.F. Nobre Da Silva, L.L. Costa","2021"
"ramirez-alvarezPumaPumaConcolor2021","Puma (Puma concolor) in the Neighborhood? Records Near Human Settlements and Insights into Human-Carnivore Coexistence in Central Chile","D Ramirez-alvarez, C Napolitano, I Salgado","2021"
"proudmanRedDeerAllocate2021","Red deer allocate vigilance differently in response to spatio-temporal patterns of risk from human hunters and wolves","NJ Proudman, M Churski, JW Bubnicki, JA Nilsson, DPJ Kuijper","2021"
"petersonHabitatSelectionWolves2021","Habitat selection by wolves and mountain lions during summer in western Montana","C.J. Peterson, M.S. Mitchell, N.J. DeCesare, C.J. Bishop, S.S. Sells","2021"
"pereiraLowSpatialOverlap2021","Low spatial overlap between foraging shearwaters during the breeding season and industrial fisheries off the west coast of Portugal","JM Pereira, JA Ramos, AM Marques, FR Ceia, L Kruger, SC Votier, VH Paiva","2021"
"ordizEffectsHumanDisturbance2021","Effects of Human Disturbance on Terrestrial Apex Predators","A Ordiz, M Aronsson, J Persson, OG Stoen, JE Swenson, J Kindberg","2021"
"nickelEnergeticsFearHumans2021","Energetics and fear of humans constrain the spatial ecology of pumas","BA Nickel, JP Suraci, AC Nisi, CC Wilmers","2021"
"nahaMovementBehaviorSolitary2021","Movement behavior of a solitary large carnivore within a hotspot of human-wildlife conflicts in India","D Naha, SK Dash, C Kupferman, JC Beasley, S Sathyakumar","2021"
"naderiHaresHumansLynx2021","Hares, humans, and lynx activity rhythms who avoids whom?","M Naderi, J Kusak, K Bojarska, M Chynoweth, A Green, CH Sekercioglu","2021"
"murphyThreadingNeedleHow2021","Threading the needle How humans influence predator-prey spatiotemporal interactions in a multiple-predator system","A Murphy, DR Diefenbach, M Ternent, M Lovallo, D Miller","2021"
"lopesHumanmodifiedLandscapesAlter2021","Human-modified landscapes alter home range and movement patterns of capybaras","B Lopes, JF McEvoy, RG Morato, HR Luz, FB Costa, HR Benatti, TD Dias, VJ Rocha, VR do Nascimento, U Piovezan, PF Monticelli, AM Nievas, RC Pacheco, MEG Moro, J Brasil, P Leimgruber, MB Labruna, KMPMD Ferraz","2021"
"limaVigilanceResponseKey2021","Vigilance Response of a Key Prey Species to Anthropogenic and Natural Threats in Detroit","S.L. Lima, S. Gámez, N. Arringdale, N.C. Harris","2021"
"leightonHidingPlainSight2021","Hiding in plain sight risk mitigation by a cryptic carnivore foraging at the urban edge","GRM Leighton, JM Bishop, J Merondun, DJ Winterton, MJ O'Riain, LEK Serieys","2021"
"labansenReactionsColonialSeabird2021","Reactions of a colonial seabird species to controlled gunshot disturbance experiments","AL Labansen, F Merkel, A Mosbech","2021"
"kongDisturbancePredationRisk2021","Disturbance and predation risk influence vigilance synchrony of black-necked cranes Grus nigricollis, but not as strongly as expected","DJ Kong, AP Moller, YY Zhang","2021"
"kittendorfUrbanFoxSquirrels2021","Urban fox squirrels exhibit tolerance to humans but respond to stimuli from natural predators","A Kittendorf, B Dantzer","2021"
"keulingDoesHuntingAffect2021","Does hunting affect the behavior of wild pigs?","O Keuling, G Massei","2021"
"haemigDynamicTablevisitingBehavior2021","Dynamic table-visiting behavior of birds at outdoor restaurants and cafes","PD Haemig, SS de Luna, H Blank","2021"
"gaynorAppliedEcologyFear2021","An applied ecology of fear framework Linking theory to conservation practice","KM Gaynor, MJ Cherry, SL Gilbert, MT Kohl, CL Larson, TM Newsome, LR Prugh, JP Suraci, JK Young, JA Smith","2021"
"fardellSmallPreyAnimal2021","Small Prey Animal Habitat Use in Landscapes of Fear Effects of Predator Presence and Human Activity Along an Urban Disturbance Gradient","LL Fardell, CEM Nano, CR Pavey, CR Dickman","2021"
"diserensFossorialityRiskyLandscape2021","Fossoriality in a risky landscape badger sett use varies with perceived wolf risk","TA Diserens, JW Bubnicki, E Schutgens, K Rokx, R Kowalczyk, DPJ Kuijper, M Churski","2021"
"dinizUrbanCyclesHuman2021","Urban cycles of human activity do not significantly alter the behaviour of a duetting bird","P Diniz, EF Silva, RH Macedo","2021"
"czapanskiyModellingShorttermEnergetic2021","Modelling short-term energetic costs of sonar disturbance to cetaceans using high-resolution foraging data","MF Czapanskiy, MS Savoca, WT Gough, PS Segre, DM Wisniewska, DE Cade, JA Goldbogen","2021"
"cortes-alfonsoPerceivedRiskPredation2021","Perceived risk of predation and habitat use by the Andean White-eared Opossum Didelphis pernigra (Didelphimorphia Didelphidae) in an ex-urban area","D Cortes-Alfonso, AEJ Valenzuela, F Sanchez","2021"
"borowskiFactorsAffectingDeer2021","Factors affecting deer pressure on forest regeneration The roles of forest roads, visibility and forage availability","Z Borowski, K Barton, W Gil, A Wojcicki, B Pawlak","2021"
"bartelAgriculturalLandUse2021","Past agricultural land use affects multiple facets of ungulate antipredator behavior","SL Bartel, JL Orrock","2021"
"azakiLevelLocalHuman2021","Level of local human disturbance and feeding state determines escape behaviour in Eurasian Oystercatchers","BDA Azaki, W Cresswell","2021"
"widenPlaybacksPredatorVocalizations2022","Playbacks of predator vocalizations reduce crop damage by ungulates","A. Widén, M. Clinchy, A.M. Felton, T.R. Hofmeester, D.P.J. Kuijper, N.J. Singh, F. Widemo, L.Y. Zanette, J.P.G.M. Cromsigt","2022"
"versluijsWolfResponsesExperimental2022","Wolf Responses to Experimental Human Approaches Using High-Resolution Positioning Data","E. Versluijs, A. Eriksen, B. Fuchs, C. Wikenros, H. Sand, P. Wabakken, B. Zimmermann","2022"
"sytsmaLowLevelsOutdoor2022","Low levels of outdoor recreation alter wildlife behaviour","MLT Sytsma, T Lewis, B Gardner, LR Prugh","2022"
"sweetNaturalAnthropogenicNoise2022","Natural and anthropogenic noise increase vigilance and decrease foraging behaviors in song sparrows","KA Sweet, BP Sweet, DGE Gomes, CD Francis, JR Barber","2022"
"stewartSpatiotemporalPatternsMale2022","Spatiotemporal patterns of male and female white-tailed deer on a hunted landscape","D.G. Stewart, W.D. Gulsby, S.S. Ditchkoff, B.A. Collier","2022"
"stansellIndividualVariationTolerance2022","Individual variation in tolerance of human activity by urban Dark-eyed Juncos (Junco hyemalis)","HM Stansell, DT Blumstein, PJ Yeh, P Nonacs","2022"
"smithQuietIslandsWorld2022","Quiet islands in a world of fear Wolves seek core zones of protected areas to escape human disturbance","A.F. Smith, S. Ciuti, D. Shamovich, V. Fenchuk, B. Zimmermann, M. Heurich","2022"
"smithBehavioralResponsesMale2022","Behavioral responses of male elk to hunting risk","JB Smith, DB Spitz, CL Brown, MJ Wisdom, MM Rowland, TD Forrester, BK Johnson, DA Clark","2022"
"sevequeImpactHumanDisturbance2022","Impact of human disturbance on temporal partitioning within carnivore communities","A Seveque, LK Gentle, JV Lopez-Bao, RW Yarnell, A Uzal","2022"
"rodriguez-recioEstimatingGlobalDeterminants2022","Estimating global determinants of leopard home range size in a changing world","M Rodriguez-Recio, T Burgos, M Krofel, J Lozano, M Moleon, E Virgos","2022"
"reillyMesopredatorsRetainTheir2022","Mesopredators retain their fear of humans across a development gradient","CM Reilly, JP Suraci, JA Smith, YW Wang, CC Wilmers","2022"
"parsonsIntensiveHuntingChanges2022","Intensive hunting changes human-wildlife relationships","A.W. Parsons, M. Wikelski, B.K. von Wolff, J. Dodel, R. Kays","2022"
"ortiz-jimenezBehaviouralCorrelationsMultiple2022","Behavioural correlations across multiple stages of the antipredator response do animals that escape sooner hide longer?","C.A. Ortiz-Jimenez, M. Michelangeli, E. Pendleton, A. Sih, J.E. Smith","2022"
"nisiPumaResponsesUnreliable","Puma responses to unreliable human cues suggest an ecological trap in a fragmented landscape","AC Nisi, JF Benson, CC Wilmers","2022"
"nhlekoWhiteRhinosOther2022","White rhinos and other herbivores decrease visitations and increase vigilance in response to human vocalizations","ZN Nhleko, AM Shrader, SM Ferreira, RA McCleery","2022"
"morelliFlightInitiationDistance2022","Flight initiation distance and refuge in urban birds","F Morelli, P Mikula, DT Blumstein, M Diaz, G Marko, J Jokimaki, ML Kaisanlahti-Jokimaeki, K Floigl, F Abou Zeid, A Siretckaia, Y Benedetti","2022"
"montgomeryHuntingModesHuman2022","The hunting modes of human predation and potential nonconsumptive effects on animal populations","Robert A. Montgomery, Jamie Raupp, Storm A. Miller, Matthew Wijers, Roxanne Lisowsky, Abigail Comar, Cassandra K. Bugir, Matt W. Hayward","2022"
"molsRecreationHuntingDifferentially2022","Recreation and hunting differentially affect deer behaviour and sapling performance","B Mols, E Lambers, JPGM Cromsigt, DPJ Kuijper, C Smit","2022"
"molenaarFeedingAssociationHarbour2022","Feeding Association Between Harbour Porpoise (Phocoena phocoena) and Flyshoot Fishing","P. Molenaar, J. Vrooman","2022"
"millerBehavioralResponsesPredatory2022","Behavioral responses to predatory sounds predict sensitivity of cetaceans to anthropogenic noise within a soundscape of fear","PJO Miller, S Isojunno, E Siegal, FPA Lam, PH Kvadsheim, C Cure","2022"
"metcalfeObserverEffectsRemote2022","Observer effects in a remote population of large-headed capuchins, Sapajus macrocephalus","CA Metcalfe, AY Yaicurima, S Papworth","2022"
"meisingsetImpactsHumanDisturbance2022","Impacts of human disturbance on flight response and habitat use of red deer","E.L. Meisingset, J. Gusevik, A. Skjørestad, Ø. Brekkum, A. Mysterud, F. Rosell","2022"
"mehlhoopMooseOurNeighborhood2022","Moose in our neighborhood Does perceived hunting risk have cascading effects on tree performance in vicinity of roads and houses?","AC Mehlhoop, B Van Moorter, CM Rolandsen, D Hagen, A Granhus, R Eriksen, TH Ringsby, EJ Solberg","2022"
"hammondRiskPerceptionTerrestriality2022","Risk perception and terrestriality in primates A quasi-experiment through habituation of chacma baboons (Papio ursinus) in Gorongosa National Park, Mozambique","P. Hammond, L. Lewis-Bevan, D. Biro, S. Carvalho","2022"
"hammerRepeatabilityAlertFlight2022","Repeatability of alert and flight initiation distances in king penguins Effects of colony, approach speed, and weather","TL Hammer, P Bize, C Saraux, B Gineste, JP Robin, R Groscolas, VA Viblanc","2022"
"guoVariationEscapeResponse2022","Variation in escape response of Himalayan marmots (Marmota himalayana) under different human disturbances","C Guo, SL Zhou, A Krzton, ZF Xiang","2022"
"giordanoPreyResponsesPredation2022","Prey responses to predation risk under chronic road noise","A Giordano, L Hunninck, MJ Sheriff","2022"
"davidsonWildBoarForaging2022","Wild boar foraging and risk perception—variation among urban, natural, and agricultural areas","Achiad Davidson, Dan Malkinson, Uri Shanas","2022"
"davidsonAgeSexdependentVigilance2022","Age- and sex-dependent vigilance behaviour modifies social structure of hunted wild boar populations","A Davidson, U Shanas, D Malkinson","2022"
"darlingtonCumulativeEffectsHuman2022","Cumulative effects of human footprint, natural features and predation risk best predict seasonal resource selection by white-tailed deer","S. Darlington, A. Ladle, A.C. Burton, J.P. Volpe, J.T. Fisher","2022"
"crawfordPreyTellsLarge2022","Prey tells, large herbivores fear the human ‘super predator’","Daniel A. Crawford, L. Mike Conner, Michael Clinchy, Liana Y. Zanette, Michael J. Cherry","2022"
"courbinInteractingLethalNonlethal2022","Interacting lethal and nonlethal human activities shape complex risk tolerance behaviors in a mountain herbivore","N Courbin, M Garel, P Marchand, A Duparc, L Debeffe, L Borger, A Loison","2022"
"collinsBehavioralResponsesAnthropogenic2022","Behavioral responses to anthropogenic noise at highways vary across temporal scales","A.C. Collins, T.W. Vickers, F.M. Shilling","2022"
"chen-krausHumanLemurCoexistenceMultipleUse2022","Human-Lemur Coexistence in a Multiple-Use Landscape","C. Chen-Kraus, N.A. Raharinoro, M.A. Randrianirinarisoa, D.J. Anderson, R.R. Lawler, D.P. Watts, A.F. Richard","2022"
"burtonBehavioralBycatchCamera2022","Behavioral “bycatch” from camera trap surveys yields insights on prey responses to human-mediated predation risk","A.C. Burton, C. Beirne, C. Sun, A. Granados, M. Procko, C. Chen, M. Fennell, A. Constantinou, C. Colton, K. Tjaden-McClement, J.T. Fisher, J. Burgar","2022"
"blaskovicTemporalOverlapHuman2022","Temporal overlap of human and apex predator activity on wildlife trails and forest roads","S Blaskovic, T Gomercic, I Toplicanec, M Sindicic","2022"
"barocasRuppellFoxMovement2022","Ruppell's fox movement and spatial behavior are influenced by topography and human activity","A Barocas, R Hefner, M Ucko, B Shalmon, N Leader, E Geffen","2022"
"ausilioEnvironmentalAnthropogenicFeatures2022","Environmental and anthropogenic features mediate risk from human hunters and wolves for moose","G Ausilio, C Wikenros, H Sand, P Wabakken, A Eriksen, B Zimmermann","2022"
"ardila-villamizarFearUrbanLandscapes2022","Fear in urban landscapes Conspecific flock size drives escape decisions in tropical birds","M. Ardila-Villamizar, G. Alarcón-Nieto, A.A. Maldonado-Chaparro","2022"
"fardellSmallPreyAnimal2022","Small Prey Animal Foraging Behaviors in Landscapes of Fear Effects of Predator Presence and Human Activity Along an Urban Disturbance Gradient","LL Fardell, CEM Nano, CR Pavey, CR Dickman","2022"
"bhardwajInducingFearUsing2022","Inducing fear using acoustic stimuli—A behavioral experiment on moose (Alces alces) in Sweden","M. Bhardwaj, D. Lodnert, M. Olsson, A. Winsvold, S.M. Eilertsen, P. Kjellander, A. Seiler","2022"
"vanbeeckcalkoenNumericalTopdownEffects2023","Numerical top-down effects on red deer (Cervus elaphus) are mainly shaped by humans rather than large carnivores across Europe","Suzanne T. S. van Beeck Calkoen, Dries P. J. Kuijper, Marco Apollonio, Lena Blondel, Carsten F. Dormann, Ilse Storch, Marco Heurich","2023"
"ramirezTopdownBottomupForces2023","Top-down and bottom-up forces explain patch utilization by two deer species and forest recruitment","JI Ramirez, L Poorter, PA Jansen, J den Ouden, M Siewert, J Olofsson","2023"
"morelliAreBirdsMore2023","Are birds more afraid in urban parks or cemeteries? A Latin American study contrasts with results from Europe","F. Morelli, L.M. Leveau, P. Mikula, I. MacGregor-Fors, M.L. Bocelli, S.G. Quesada-Acuña, C. González-Lagos, P. Gutiérrez-Tapia, G.F. Dri, C.A. Delgado-V., A.G. Zavala, J. Campos, R. Ortega-Álvarez, A.I. Contreras-Rodríguez, D.S. López, M.C.B. Toledo, A. Sarquis, A. Giraudo, A.L. Echevarria, M.E. Fanjul, M.V. Martínez, J. Haedo, L.G.C. Sanz, Y.A.P. Dominguez, V. Fernandez, V. Marinero, V. Abilhoa, R. Amorin, C.S. Fontana, T.W. da Silva, S.S.Z. Vargas, J.F. Escobar Ibañez, M.D. Juri, S.R. Camín, L. Marone, A.J. Piratelli, A.G. Franchin, L. Crispim, J. Benitez, Y. Benedetti","2023"
"khanShiftsDielActivity2023","Shifts in diel activity of Rocky Mountain mammal communities in response to anthropogenic disturbance and sympatric invasive white-tailed deer","P. Khan, L. Eliuk, S. Frey, C. Bone, J.T. Fisher","2023"
"everattOptimalForagingLions2023","Optimal foraging of lions at the human wildlands interface","K.T. Everatt, R. Kokes, H. Robinson, G.I.H. Kerley","2023"
"cooperFactorsAffectingRisk1997",""": Factors affecting risk and cost of escape by the broad-headed skink (Eumeces laticeps) Predator speed, directness of approach, and female presence","-","1997"
"mcgrathNorthernBobwhiteForaging2018","-","-","2018"
"goss-custardDisturbanceDoesNot2020",""": Disturbance does not have a significant impact on waders in an estuary close to conurbations importance of overlap between birds and people in time and space","-","2020"
"jordanEcologicalFactorsShape2022","-","-","2022"
"chitwoodEcologyFearUngulates2022","-","-","2022"
